{
  "hash": "4f07a137",
  "configHash": "d21571e6",
  "lockfileHash": "6300a7d3",
  "browserHash": "3cb3d739",
  "optimized": {
    "@angular/cdk/bidi": {
      "src": "../../../../../../node_modules/@angular/cdk/fesm2022/bidi.mjs",
      "file": "@angular_cdk_bidi.js",
      "fileHash": "c933b6f7",
      "needsInterop": false
    },
    "@angular/cdk/drag-drop": {
      "src": "../../../../../../node_modules/@angular/cdk/fesm2022/drag-drop.mjs",
      "file": "@angular_cdk_drag-drop.js",
      "fileHash": "cf1e73e7",
      "needsInterop": false
    },
    "@angular/cdk/scrolling": {
      "src": "../../../../../../node_modules/@angular/cdk/fesm2022/scrolling.mjs",
      "file": "@angular_cdk_scrolling.js",
      "fileHash": "3db9e427",
      "needsInterop": false
    },
    "@angular/cdk/text-field": {
      "src": "../../../../../../node_modules/@angular/cdk/fesm2022/text-field.mjs",
      "file": "@angular_cdk_text-field.js",
      "fileHash": "4d1f3e1f",
      "needsInterop": false
    },
    "@angular/common": {
      "src": "../../../../../../node_modules/@angular/common/fesm2022/common.mjs",
      "file": "@angular_common.js",
      "fileHash": "40300de5",
      "needsInterop": false
    },
    "@angular/common/http": {
      "src": "../../../../../../node_modules/@angular/common/fesm2022/http.mjs",
      "file": "@angular_common_http.js",
      "fileHash": "d67179d4",
      "needsInterop": false
    },
    "@angular/core": {
      "src": "../../../../../../node_modules/@angular/core/fesm2022/core.mjs",
      "file": "@angular_core.js",
      "fileHash": "7be97384",
      "needsInterop": false
    },
    "@angular/forms": {
      "src": "../../../../../../node_modules/@angular/forms/fesm2022/forms.mjs",
      "file": "@angular_forms.js",
      "fileHash": "67bd868b",
      "needsInterop": false
    },
    "@angular/material/badge": {
      "src": "../../../../../../node_modules/@angular/material/fesm2022/badge.mjs",
      "file": "@angular_material_badge.js",
      "fileHash": "ae828682",
      "needsInterop": false
    },
    "@angular/material/button": {
      "src": "../../../../../../node_modules/@angular/material/fesm2022/button.mjs",
      "file": "@angular_material_button.js",
      "fileHash": "2381f6bd",
      "needsInterop": false
    },
    "@angular/material/card": {
      "src": "../../../../../../node_modules/@angular/material/fesm2022/card.mjs",
      "file": "@angular_material_card.js",
      "fileHash": "f319a199",
      "needsInterop": false
    },
    "@angular/material/checkbox": {
      "src": "../../../../../../node_modules/@angular/material/fesm2022/checkbox.mjs",
      "file": "@angular_material_checkbox.js",
      "fileHash": "9723eace",
      "needsInterop": false
    },
    "@angular/material/chips": {
      "src": "../../../../../../node_modules/@angular/material/fesm2022/chips.mjs",
      "file": "@angular_material_chips.js",
      "fileHash": "9143cec7",
      "needsInterop": false
    },
    "@angular/material/core": {
      "src": "../../../../../../node_modules/@angular/material/fesm2022/core.mjs",
      "file": "@angular_material_core.js",
      "fileHash": "50ad5c09",
      "needsInterop": false
    },
    "@angular/material/dialog": {
      "src": "../../../../../../node_modules/@angular/material/fesm2022/dialog.mjs",
      "file": "@angular_material_dialog.js",
      "fileHash": "c53960c1",
      "needsInterop": false
    },
    "@angular/material/divider": {
      "src": "../../../../../../node_modules/@angular/material/fesm2022/divider.mjs",
      "file": "@angular_material_divider.js",
      "fileHash": "d34b6897",
      "needsInterop": false
    },
    "@angular/material/expansion": {
      "src": "../../../../../../node_modules/@angular/material/fesm2022/expansion.mjs",
      "file": "@angular_material_expansion.js",
      "fileHash": "b8d3b7dd",
      "needsInterop": false
    },
    "@angular/material/form-field": {
      "src": "../../../../../../node_modules/@angular/material/fesm2022/form-field.mjs",
      "file": "@angular_material_form-field.js",
      "fileHash": "c36b3f7b",
      "needsInterop": false
    },
    "@angular/material/icon": {
      "src": "../../../../../../node_modules/@angular/material/fesm2022/icon.mjs",
      "file": "@angular_material_icon.js",
      "fileHash": "e8d6c0a7",
      "needsInterop": false
    },
    "@angular/material/input": {
      "src": "../../../../../../node_modules/@angular/material/fesm2022/input.mjs",
      "file": "@angular_material_input.js",
      "fileHash": "2d0988e7",
      "needsInterop": false
    },
    "@angular/material/list": {
      "src": "../../../../../../node_modules/@angular/material/fesm2022/list.mjs",
      "file": "@angular_material_list.js",
      "fileHash": "80abab9f",
      "needsInterop": false
    },
    "@angular/material/menu": {
      "src": "../../../../../../node_modules/@angular/material/fesm2022/menu.mjs",
      "file": "@angular_material_menu.js",
      "fileHash": "541085bf",
      "needsInterop": false
    },
    "@angular/material/progress-spinner": {
      "src": "../../../../../../node_modules/@angular/material/fesm2022/progress-spinner.mjs",
      "file": "@angular_material_progress-spinner.js",
      "fileHash": "013cdc07",
      "needsInterop": false
    },
    "@angular/material/radio": {
      "src": "../../../../../../node_modules/@angular/material/fesm2022/radio.mjs",
      "file": "@angular_material_radio.js",
      "fileHash": "af45ff3a",
      "needsInterop": false
    },
    "@angular/material/select": {
      "src": "../../../../../../node_modules/@angular/material/fesm2022/select.mjs",
      "file": "@angular_material_select.js",
      "fileHash": "f8e1881d",
      "needsInterop": false
    },
    "@angular/material/slider": {
      "src": "../../../../../../node_modules/@angular/material/fesm2022/slider.mjs",
      "file": "@angular_material_slider.js",
      "fileHash": "6428172f",
      "needsInterop": false
    },
    "@angular/material/snack-bar": {
      "src": "../../../../../../node_modules/@angular/material/fesm2022/snack-bar.mjs",
      "file": "@angular_material_snack-bar.js",
      "fileHash": "c04d01ca",
      "needsInterop": false
    },
    "@angular/material/table": {
      "src": "../../../../../../node_modules/@angular/material/fesm2022/table.mjs",
      "file": "@angular_material_table.js",
      "fileHash": "0ba4398e",
      "needsInterop": false
    },
    "@angular/material/tabs": {
      "src": "../../../../../../node_modules/@angular/material/fesm2022/tabs.mjs",
      "file": "@angular_material_tabs.js",
      "fileHash": "66bc137b",
      "needsInterop": false
    },
    "@angular/material/toolbar": {
      "src": "../../../../../../node_modules/@angular/material/fesm2022/toolbar.mjs",
      "file": "@angular_material_toolbar.js",
      "fileHash": "c950f9a0",
      "needsInterop": false
    },
    "@angular/material/tooltip": {
      "src": "../../../../../../node_modules/@angular/material/fesm2022/tooltip.mjs",
      "file": "@angular_material_tooltip.js",
      "fileHash": "49cdc719",
      "needsInterop": false
    },
    "@angular/platform-browser": {
      "src": "../../../../../../node_modules/@angular/platform-browser/fesm2022/platform-browser.mjs",
      "file": "@angular_platform-browser.js",
      "fileHash": "66883d97",
      "needsInterop": false
    },
    "@angular/platform-browser/animations": {
      "src": "../../../../../../node_modules/@angular/platform-browser/fesm2022/animations.mjs",
      "file": "@angular_platform-browser_animations.js",
      "fileHash": "8d2e34bb",
      "needsInterop": false
    },
    "@angular/router": {
      "src": "../../../../../../node_modules/@angular/router/fesm2022/router.mjs",
      "file": "@angular_router.js",
      "fileHash": "0613eab5",
      "needsInterop": false
    },
    "chart.js/auto": {
      "src": "../../../../../../node_modules/chart.js/auto/auto.js",
      "file": "chart__js_auto.js",
      "fileHash": "fd42241e",
      "needsInterop": false
    },
    "ng2-charts": {
      "src": "../../../../../../node_modules/ng2-charts/fesm2022/ng2-charts.mjs",
      "file": "ng2-charts.js",
      "fileHash": "eb5aa354",
      "needsInterop": false
    },
    "rxjs": {
      "src": "../../../../../../node_modules/rxjs/dist/esm5/index.js",
      "file": "rxjs.js",
      "fileHash": "433276f9",
      "needsInterop": false
    },
    "rxjs/operators": {
      "src": "../../../../../../node_modules/rxjs/dist/esm5/operators/index.js",
      "file": "rxjs_operators.js",
      "fileHash": "6b2daff5",
      "needsInterop": false
    }
  },
  "chunks": {
    "chunk-OEUVYEQ2": {
      "file": "chunk-OEUVYEQ2.js"
    },
    "chunk-FZ337JFE": {
      "file": "chunk-FZ337JFE.js"
    },
    "chunk-BZFUOS7N": {
      "file": "chunk-BZFUOS7N.js"
    },
    "chunk-KAY7N5EU": {
      "file": "chunk-KAY7N5EU.js"
    },
    "chunk-EPLOT7P5": {
      "file": "chunk-EPLOT7P5.js"
    },
    "chunk-SSTMVNZR": {
      "file": "chunk-SSTMVNZR.js"
    },
    "chunk-3PXRDYP4": {
      "file": "chunk-3PXRDYP4.js"
    },
    "chunk-ARSTEBPS": {
      "file": "chunk-ARSTEBPS.js"
    },
    "chunk-AFIU2SFX": {
      "file": "chunk-AFIU2SFX.js"
    },
    "chunk-W4F7S7AL": {
      "file": "chunk-W4F7S7AL.js"
    },
    "chunk-LL2TYWT3": {
      "file": "chunk-LL2TYWT3.js"
    },
    "chunk-MBDH6UCM": {
      "file": "chunk-MBDH6UCM.js"
    },
    "chunk-FCREIRU4": {
      "file": "chunk-FCREIRU4.js"
    },
    "chunk-7ANFBBUU": {
      "file": "chunk-7ANFBBUU.js"
    },
    "chunk-M5TLF4J3": {
      "file": "chunk-M5TLF4J3.js"
    },
    "chunk-WAG4JF3P": {
      "file": "chunk-WAG4JF3P.js"
    },
    "chunk-HU72GK5X": {
      "file": "chunk-HU72GK5X.js"
    },
    "chunk-V57266LW": {
      "file": "chunk-V57266LW.js"
    },
    "chunk-26XUZ2TM": {
      "file": "chunk-26XUZ2TM.js"
    },
    "chunk-DCWVY225": {
      "file": "chunk-DCWVY225.js"
    },
    "chunk-LOHYF2HD": {
      "file": "chunk-LOHYF2HD.js"
    },
    "chunk-5OPE3T2R": {
      "file": "chunk-5OPE3T2R.js"
    },
    "chunk-4N4GOYJH": {
      "file": "chunk-4N4GOYJH.js"
    },
    "chunk-FHTVLBLO": {
      "file": "chunk-FHTVLBLO.js"
    },
    "chunk-WDMUDEB6": {
      "file": "chunk-WDMUDEB6.js"
    }
  }
}